{
  "total": 951,
  "tier_counts": {
    "complete": 838,
    "rich": 65,
    "partial": 31,
    "stub": 17
  },
  "system_averages": {
    "arch": 89.00916380297824,
    "incan": 88.03921568627452,
    "persian": 87.4074074074074,
    "alchemy": 88.66666666666667,
    "astrology": 77.12009803921569,
    "tonalpohualli": 90.0,
    "tzolkin": 90.0,
    "chakra": 88.51190476190477,
    "element": 87.91666666666666,
    "wuxing": 90.0,
    "iching": 82.81828703703702,
    "kabbalah": 88.20833333333334,
    "ogham": 90.0,
    "rune": 88.50694444444444,
    "tarot": 83.2051282051282,
    "totem": 88.33333333333333,
    "celtic_tree": 90.0,
    "chinese": 90.0,
    "nakshatra": 88.51851851851852,
    "rashi": 89.6875,
    "myss": 83.33333333333333,
    "pearson": 83.33333333333333,
    "spiral": 86.5625,
    "enneagram": 82.08333333333333,
    "bolen": 90.0,
    "kwml": 83.33333333333333,
    "goddess": 83.33333333333333,
    "jungian": 78.05555555555556,
    "journey": 46.666666666666664,
    "propp": 83.33333333333333,
    "plot": 86.19047619047618,
    "vogler": 81.5625,
    "ocean": 88.66666666666666,
    "disc": 90.0,
    "holland": 90.0,
    "keirsey": 90.0,
    "mbti": 83.33333333333333,
    "socionics": 90.0,
    "brand": 74.0625,
    "digital": 83.33333333333333,
    "superhero": 79.2361111111111,
    "angel": 81.24999999999999,
    "commedia": 87.83333333333333,
    "calibration": 20.0
  },
  "field_missing_counts": {
    "storyFunctions": 946,
    "elementalComposition": 944,
    "psychologicalMapping": 123,
    "narrativeRoles": 62,
    "aliases": 358,
    "culturalEchoes": 56,
    "keywords": 18,
    "coreFunction": 48,
    "symbolicCore": 48,
    "correspondences": 69,
    "domains": 62,
    "instantiates": 17,
    "relationships": 17
  },
  "relationship_issues": {
    "no_relationships": 17,
    "missing_bidirectional": 59
  }
}