{
  "total": 938,
  "tier_counts": {
    "complete": 210,
    "rich": 429,
    "partial": 280,
    "stub": 19
  },
  "system_averages": {
    "arch": 80.5574712643678,
    "incan": 76.66666666666666,
    "persian": 75.74074074074073,
    "alchemy": 66.11111111111111,
    "astrology": 51.155303030303024,
    "tonalpohualli": 69.16666666666666,
    "tzolkin": 70.0,
    "chakra": 51.13095238095237,
    "element": 50.916666666666664,
    "wuxing": 51.666666666666664,
    "iching": 49.62384259259259,
    "kabbalah": 50.541666666666664,
    "ogham": 51.666666666666664,
    "rune": 50.729166666666664,
    "tarot": 62.05128205128204,
    "totem": 70.0,
    "celtic_tree": 69.35897435897435,
    "chinese": 51.666666666666664,
    "nakshatra": 66.91358024691358,
    "rashi": 51.354166666666664,
    "myss": 70.0,
    "pearson": 65.83333333333333,
    "spiral": 50.729166666666664,
    "enneagram": 50.416666666666664,
    "bolen": 70.0,
    "kwml": 70.0,
    "goddess": 70.0,
    "jungian": 62.638888888888886,
    "journey": 46.666666666666664,
    "propp": 62.70833333333333,
    "plot": 67.61904761904762,
    "vogler": 50.729166666666664,
    "ocean": 65.0,
    "disc": 61.666666666666664,
    "holland": 63.05555555555555,
    "keirsey": 63.75,
    "mbti": 63.75,
    "socionics": 63.229166666666664,
    "brand": 50.729166666666664,
    "digital": 65.83333333333334,
    "superhero": 63.819444444444436,
    "angel": 51.25,
    "commedia": 65.83333333333334,
    "calibration": 20.0
  },
  "field_missing_counts": {
    "culturalEchoes": 923,
    "storyFunctions": 933,
    "elementalComposition": 931,
    "psychologicalMapping": 110,
    "narrativeRoles": 49,
    "domains": 410,
    "correspondences": 614,
    "aliases": 697,
    "instantiates": 19,
    "description": 313,
    "relationships": 27,
    "coreFunction": 35,
    "symbolicCore": 35,
    "keywords": 17
  },
  "relationship_issues": {
    "no_relationships": 27,
    "missing_bidirectional": 934
  }
}