{
  "total": 938,
  "tier_counts": {
    "complete": 273,
    "rich": 597,
    "partial": 51,
    "stub": 17
  },
  "system_averages": {
    "arch": 87.29310344827586,
    "incan": 83.33333333333333,
    "persian": 82.96296296296296,
    "alchemy": 76.66666666666666,
    "astrology": 66.15530303030302,
    "tonalpohualli": 76.66666666666666,
    "tzolkin": 76.66666666666666,
    "chakra": 66.13095238095238,
    "element": 65.91666666666666,
    "wuxing": 66.66666666666666,
    "iching": 64.62384259259258,
    "kabbalah": 65.54166666666666,
    "ogham": 66.66666666666666,
    "rune": 65.72916666666666,
    "tarot": 70.98290598290598,
    "totem": 76.66666666666666,
    "celtic_tree": 76.66666666666666,
    "chinese": 66.66666666666666,
    "nakshatra": 76.66666666666664,
    "rashi": 66.35416666666666,
    "myss": 76.66666666666666,
    "pearson": 76.66666666666666,
    "spiral": 64.89583333333333,
    "enneagram": 65.41666666666666,
    "bolen": 76.66666666666666,
    "kwml": 76.66666666666666,
    "goddess": 76.66666666666666,
    "jungian": 74.16666666666666,
    "journey": 46.666666666666664,
    "propp": 76.66666666666666,
    "plot": 76.66666666666666,
    "vogler": 65.72916666666666,
    "ocean": 76.66666666666666,
    "disc": 76.66666666666666,
    "holland": 76.66666666666666,
    "keirsey": 76.66666666666666,
    "mbti": 76.66666666666666,
    "socionics": 76.66666666666666,
    "brand": 57.395833333333336,
    "digital": 76.66666666666666,
    "superhero": 72.56944444444444,
    "angel": 57.916666666666664,
    "commedia": 75.83333333333333,
    "calibration": 20.0
  },
  "field_missing_counts": {
    "storyFunctions": 933,
    "elementalComposition": 931,
    "psychologicalMapping": 110,
    "narrativeRoles": 49,
    "correspondences": 614,
    "aliases": 697,
    "culturalEchoes": 43,
    "description": 313,
    "relationships": 27,
    "domains": 62,
    "coreFunction": 35,
    "symbolicCore": 35,
    "instantiates": 17,
    "keywords": 17
  },
  "relationship_issues": {
    "no_relationships": 27,
    "missing_bidirectional": 59
  }
}